[{"admin_type_id":"1","admin_menu_id":"1","title_en":"Dashboard","title_th":"Dashboard","url":"\/dashboard","sub":null,"parent":"0","icon":"fa fa-desktop"},{"admin_type_id":"1","admin_menu_id":"27","title_en":"Setting","title_th":"\u0e15\u0e31\u0e49\u0e07\u0e04\u0e48\u0e32","url":"\/setting","sub":"1","parent":"0","icon":"fa fa-cogs"},{"admin_type_id":"1","admin_menu_id":"95","title_en":"Setting Configuration","title_th":"Setting Configuration","url":"\/setting","sub":null,"parent":"27","icon":"fa glyphicon-tint"},{"admin_type_id":"1","admin_menu_id":"61","title_en":"Admin Group","title_th":"\u0e41\u0e2d\u0e14\u0e21\u0e34\u0e19\u0e01\u0e23\u0e38\u0e4a\u0e1b","url":"\/team","sub":null,"parent":"27","icon":null},{"admin_type_id":"1","admin_menu_id":"51","title_en":"Admin menu","title_th":"\u0e40\u0e21\u0e19\u0e39\u0e41\u0e2d\u0e14\u0e21\u0e34\u0e19","url":"\/admin_menu","sub":null,"parent":"27","icon":null},{"admin_type_id":"1","admin_menu_id":"59","title_en":"Activity Logs","title_th":"\u0e1a\u0e31\u0e19\u0e17\u0e36\u0e01\u0e01\u0e32\u0e23\u0e17\u0e33\u0e07\u0e32\u0e19","url":"\/activity_logsna","sub":null,"parent":"27","icon":""},{"admin_type_id":"1","admin_menu_id":"31","title_en":"Hardware Manage","title_th":"\u0e2d\u0e38\u0e1b\u0e01\u0e23\u0e13\u0e4c","url":"\/hardware","sub":null,"parent":"27","icon":""},{"admin_type_id":"1","admin_menu_id":"91","title_en":"Location","title_th":"Location","url":"\/location","sub":null,"parent":"27","icon":"fa-android"},{"admin_type_id":"1","admin_menu_id":"89","title_en":"Plan","title_th":"\u0e41\u0e1a\u0e1a\u0e41\u0e1b\u0e25\u0e19","url":"\/hardware\/plan","sub":null,"parent":"27","icon":"fa-android"},{"admin_type_id":"1","admin_menu_id":"2","title_en":"Basic Data","title_th":"\u0e02\u0e49\u0e2d\u0e21\u0e39\u0e25\u0e1e\u0e37\u0e49\u0e19\u0e10\u0e32\u0e19","url":"\/dashboard","sub":"1","parent":"0","icon":"fa-credit-card"},{"admin_type_id":"1","admin_menu_id":"75","title_en":"hardware","title_th":"\u0e2d\u0e38\u0e1b\u0e01\u0e23\u0e13\u0e4c","url":"\/hardware","sub":null,"parent":"2","icon":"fa-android"},{"admin_type_id":"1","admin_menu_id":"5","title_en":"Control","title_th":"\u0e23\u0e30\u0e1a\u0e1a\u0e04\u0e27\u0e1a\u0e04\u0e38\u0e21","url":"\/hardware\/control","sub":null,"parent":"0","icon":"fa fa-bolt"},{"admin_type_id":"1","admin_menu_id":"28","title_en":"Monitoring","title_th":"Monitoring","url":"\/hardware","sub":"1","parent":"0","icon":"fa fa-laptop"},{"admin_type_id":"1","admin_menu_id":"79","title_en":"Floor Plan ","title_th":"\u0e41\u0e1a\u0e1a\u0e41\u0e1b\u0e25\u0e19\u0e2b\u0e49\u0e2d\u0e07","url":"\/hardware\/floorplan ","sub":null,"parent":"28","icon":null},{"admin_type_id":"1","admin_menu_id":"41","title_en":"Report","title_th":"\u0e23\u0e32\u0e22\u0e07\u0e32\u0e19","url":"\/report","sub":"1","parent":"0","icon":"fa fa-bar-chart-o "},{"admin_type_id":"1","admin_menu_id":"93","title_en":"Employee log","title_th":"\u0e1c\u0e39\u0e49\u0e43\u0e0a\u0e49\u0e07\u0e32\u0e19\u0e23\u0e30\u0e1a\u0e1a","url":"\/activity_logsna","sub":null,"parent":"41","icon":"fa-android"}]