[{"admin_type_id":"6","admin_menu_id":"1","title_en":"Dashboard","title_th":"Dashboard","url":"\/dashboard","sub":null,"parent":"0","icon":"fa fa-desktop"},{"admin_type_id":"6","admin_menu_id":"28","title_en":"Monitoring","title_th":"Monitoring","url":"\/hardware","sub":"1","parent":"0","icon":"fa fa-laptop"},{"admin_type_id":"6","admin_menu_id":"79","title_en":"Floor Plan ","title_th":"\u0e41\u0e1a\u0e1a\u0e41\u0e1b\u0e25\u0e19\u0e2b\u0e49\u0e2d\u0e07","url":"\/hardware\/floorplan ","sub":null,"parent":"28","icon":null}]