[{"admin_type_id":"4","admin_menu_id":"1","title_en":"Dashboard","title_th":"Dashboard","url":"\/dashboard","sub":null,"parent":"0","icon":"fa fa-desktop"},{"admin_type_id":"4","admin_menu_id":"2","title_en":"Basic Data","title_th":"\u0e02\u0e49\u0e2d\u0e21\u0e39\u0e25\u0e1e\u0e37\u0e49\u0e19\u0e10\u0e32\u0e19","url":"\/dashboard","sub":"1","parent":"0","icon":"fa-credit-card"},{"admin_type_id":"4","admin_menu_id":"75","title_en":"hardware","title_th":"\u0e2d\u0e38\u0e1b\u0e01\u0e23\u0e13\u0e4c","url":"\/hardware","sub":null,"parent":"2","icon":"fa-android"},{"admin_type_id":"4","admin_menu_id":"5","title_en":"Control","title_th":"\u0e23\u0e30\u0e1a\u0e1a\u0e04\u0e27\u0e1a\u0e04\u0e38\u0e21","url":"\/hardware\/control","sub":null,"parent":"0","icon":"fa fa-bolt"},{"admin_type_id":"4","admin_menu_id":"28","title_en":"Monitoring","title_th":"Monitoring","url":"\/hardware","sub":"1","parent":"0","icon":"fa fa-laptop"},{"admin_type_id":"4","admin_menu_id":"79","title_en":"Floor Plan ","title_th":"\u0e41\u0e1a\u0e1a\u0e41\u0e1b\u0e25\u0e19\u0e2b\u0e49\u0e2d\u0e07","url":"\/hardware\/floorplan ","sub":null,"parent":"28","icon":null},{"admin_type_id":"4","admin_menu_id":"41","title_en":"Report","title_th":"\u0e23\u0e32\u0e22\u0e07\u0e32\u0e19","url":"\/report","sub":"1","parent":"0","icon":"fa fa-bar-chart-o "},{"admin_type_id":"4","admin_menu_id":"93","title_en":"Employee log","title_th":"\u0e1c\u0e39\u0e49\u0e43\u0e0a\u0e49\u0e07\u0e32\u0e19\u0e23\u0e30\u0e1a\u0e1a","url":"\/activity_logsna","sub":null,"parent":"41","icon":"fa-android"}]